{"cameraMode":{"drawMode":2,"name":"Shaded Wireframe","section":"Shading Mode"},"sceneLighting":true,"audioPlay":false,"sceneViewState":{"m_AlwaysRefresh":false,"showFog":true,"showSkybox":true,"showFlares":true,"showImageEffects":true,"showParticleSystems":true,"showVisualEffectGraphs":true,"m_FxEnabled":true},"in2DMode":false,"pivot":{"x":0.003455297090113163,"y":0.1413901299238205,"z":0.018725523725152017},"rotation":{"x":-0.05738929286599159,"y":0.16669204831123353,"z":-0.009716445580124855,"w":-0.984291672706604},"size":0.24003419280052186,"orthographic":false}