{"cameraMode":{"drawMode":2,"name":"Shaded Wireframe","section":"Shading Mode"},"sceneLighting":true,"audioPlay":false,"sceneViewState":{"m_AlwaysRefresh":false,"showFog":true,"showSkybox":true,"showFlares":true,"showImageEffects":true,"showParticleSystems":true,"showVisualEffectGraphs":true,"m_FxEnabled":true},"in2DMode":false,"pivot":{"x":0.10995306074619293,"y":1.3553075790405274,"z":-0.15226516127586366},"rotation":{"x":-0.10128585994243622,"y":0.8847953081130981,"z":-0.39386168122291567,"w":-0.22752590477466584},"size":1.0277775526046754,"orthographic":true}